version,shape,records,nodes,round,action,modelMs,visibleMs,layoutMs,totalMs
ad66e4a,wide,1000,1011,0,cold,63.303404,4.610860000000002,42.29752000000002,110.21178400000002
ad66e4a,wide,1000,1011,0,rebuild,10.062805000000026,2.510244,22.907617999999957,35.48066699999998
ad66e4a,wide,1000,1011,0,switch-back,62.25994599999996,1.461400000000026,37.35534700000005,101.07669300000003
before,wide,1000,1011,0,cold,44.96986700000002,3.220792999999958,727.8691650000001,776.059825
before,wide,1000,1011,0,rebuild,10.330348999999842,2.187996000000112,602.83656,615.3549049999999
before,wide,1000,1011,0,switch-back,46.437347000000045,1.342881000000034,683.787124,731.567352
working,wide,1000,1011,0,cold,47.43102200000021,3.0893629999995937,309.9331350000002,360.45352
working,wide,1000,1011,0,rebuild,7.41689899999983,2.3761349999999766,6.8043030000003455,16.597337000000152
working,wide,1000,1011,0,switch-back,43.86899200000016,1.505685000000085,6.900494999999864,52.27517200000011
ad66e4a,wide,1000,1011,1,cold,39.79057899999998,1.3991139999998268,35.73988499999996,76.92957799999976
ad66e4a,wide,1000,1011,1,rebuild,7.646490999999969,0.9709680000000844,20.54485399999976,29.162312999999813
ad66e4a,wide,1000,1011,1,switch-back,53.21801099999993,1.0026170000001002,37.33398699999998,91.55461500000001
before,wide,1000,1011,1,cold,45.638522000000194,1.0160549999995965,636.4581470000003,683.1127240000001
before,wide,1000,1011,1,rebuild,7.785085999999865,1.032474000000093,582.7311709999999,591.5487309999999
before,wide,1000,1011,1,switch-back,42.68876100000034,0.9718619999994189,642.2044450000003,685.8650680000001
working,wide,1000,1011,1,cold,48.30773399999998,1.2536300000001575,301.4469429999999,351.00830700000006
working,wide,1000,1011,1,rebuild,7.591567000000396,0.9587270000001809,6.673698999999942,15.223993000000519
working,wide,1000,1011,1,switch-back,45.44514600000002,1.037427000000207,6.3062849999996615,52.78885799999989
ad66e4a,wide,1000,1011,2,cold,40.4648100000004,1.0625069999996413,37.53205000000071,79.05936700000075
ad66e4a,wide,1000,1011,2,rebuild,8.52367299999969,1.070198999999775,22.00580600000012,31.599677999999585
ad66e4a,wide,1000,1011,2,switch-back,42.553359000000455,0.9828809999999066,51.34767000000011,94.88391000000047
before,wide,1000,1011,2,cold,45.73853700000018,1.0955160000003161,638.3205779999998,685.1546310000003
before,wide,1000,1011,2,rebuild,7.514458999999988,0.9616159999995944,585.4532200000003,593.9292949999999
before,wide,1000,1011,2,switch-back,42.26670800000011,0.9772700000003169,720.1138979999996,763.357876
working,wide,1000,1011,2,cold,48.271044000000074,1.3047670000005382,312.3666210000001,361.94243200000074
working,wide,1000,1011,2,rebuild,8.532612999999401,0.975510000000213,6.465584999999919,15.973707999999533
working,wide,1000,1011,2,switch-back,45.092828999999256,1.3819730000013806,8.721926999998686,55.19672899999932
ad66e4a,wide,3900,3940,0,cold,62.533196000000316,4.214977999999974,93.33646399999998,160.08463800000027
ad66e4a,wide,3900,3940,0,rebuild,29.541440000000875,3.9125160000003234,69.92720599999848,103.38116199999968
ad66e4a,wide,3900,3940,0,switch-back,64.6489930000007,4.545648999999685,95.1723349999993,164.36697699999968
before,wide,3900,3940,0,cold,65.66937899999903,4.495504000000437,7316.952395,7387.117278
before,wide,3900,3940,0,rebuild,29.236559999999372,3.7085339999994176,8145.144572000001,8178.089666
before,wide,3900,3940,0,switch-back,66.42471899999873,6.018231999998534,7234.020513000003,7306.463464
working,wide,3900,3940,0,cold,62.72098399999959,3.9244200000030105,2061.736091999999,2128.381496000002
working,wide,3900,3940,0,rebuild,28.5792719999954,3.6365680000017164,26.55434999999852,58.77018999999564
working,wide,3900,3940,0,switch-back,65.57542100000137,4.6190780000033556,27.537560999997368,97.7320600000021
ad66e4a,wide,3900,3940,1,cold,61.56815199999983,3.645837999996729,93.31681700000627,158.53080700000282
ad66e4a,wide,3900,3940,1,rebuild,30.039817999997467,3.639930999997887,69.7502930000046,103.43004199999996
ad66e4a,wide,3900,3940,1,switch-back,73.27422400000069,4.391753999996581,95.54733200000192,173.21330999999918
before,wide,3900,3940,1,cold,62.221111999999266,3.65554699999484,7267.569360000001,7333.446018999995
before,wide,3900,3940,1,rebuild,30.290117999997165,3.673414999997476,7970.311124,8004.2746569999945
before,wide,3900,3940,1,switch-back,67.33575000000565,3.9503479999984847,7137.191387999999,7208.477486000003
working,wide,3900,3940,1,cold,67.4685959999988,3.373208999997587,2068.422483000002,2139.2642879999985
working,wide,3900,3940,1,rebuild,29.266136999998707,3.354468999998062,26.995621000001847,59.61622699999862
working,wide,3900,3940,1,switch-back,66.78823700000066,3.387415000004694,32.14635399999679,102.32200600000215
ad66e4a,wide,3900,3940,2,cold,68.65877800000453,3.767390000000887,96.65597399999388,169.0821419999993
ad66e4a,wide,3900,3940,2,rebuild,29.915117999997165,4.339104000006046,70.34411899999395,104.59834099999716
ad66e4a,wide,3900,3940,2,switch-back,62.425861999996414,3.326980999998341,94.24693400000251,159.99977699999727
before,wide,3900,3940,2,cold,63.111650999999256,3.9532859999962966,7386.964658000004,7454.029595
before,wide,3900,3940,2,rebuild,29.24228099999891,3.888444000011077,7671.006064000001,7704.136789000011
before,wide,3900,3940,2,switch-back,66.46972600001027,3.2976939999934984,7179.644046999994,7249.411466999998
working,wide,3900,3940,2,cold,62.81738100000075,3.4474929999996675,2055.3802619999915,2121.645135999992
working,wide,3900,3940,2,rebuild,43.67351100000087,5.863608999992721,27.15521900000749,76.69233900000108
working,wide,3900,3940,2,switch-back,69.83202200000233,5.235464999990654,28.57855500000005,103.64604199999303
ad66e4a,deep,1000,1111,0,cold,46.16399799998908,1.2706430000107503,44.41322699999728,91.8478679999971
ad66e4a,deep,1000,1111,0,rebuild,12.439331000001403,1.2722389999980805,25.647989999997662,39.359559999997145
ad66e4a,deep,1000,1111,0,switch-back,43.39574599999469,1.5101430000067921,41.39723800000502,86.3031270000065
before,deep,1000,1111,0,cold,47.530251999996835,1.2850480000051903,2310.8566680000076,2359.6719680000097
before,deep,1000,1111,0,rebuild,23.020174999997835,1.4618069999996806,2205.1927930000093,2229.674775000007
before,deep,1000,1111,0,switch-back,56.643842999998014,2.536963000005926,2177.4493379999913,2236.630143999995
working,deep,1000,1111,0,cold,50.590840999997454,1.301804999995511,1545.2959300000075,1597.1885760000005
working,deep,1000,1111,0,rebuild,12.66065800000797,1.2960539999912726,7.873046000007889,21.829758000007132
working,deep,1000,1111,0,switch-back,48.99789800000144,1.531197999996948,8.619577999998,59.14867399999639
ad66e4a,deep,1000,1111,1,cold,46.57112500000221,1.7043439999979455,42.64388200000394,90.9193510000041
ad66e4a,deep,1000,1111,1,rebuild,11.755021999997552,1.2339219999994384,32.42923700000392,45.418181000000914
ad66e4a,deep,1000,1111,1,switch-back,48.26772699999856,1.2374139999883482,42.776872000002186,92.28201299998909
before,deep,1000,1111,1,cold,49.72495699999854,1.5560899999982212,2422.86617400001,2474.1472210000065
before,deep,1000,1111,1,rebuild,15.724598000000697,1.638957000002847,2225.152126999994,2242.5156819999975
before,deep,1000,1111,1,switch-back,47.169160999997985,1.2160680000088178,2247.6201589999982,2296.005388000005
working,deep,1000,1111,1,cold,50.95428200000606,1.430555999992066,1625.065186000007,1677.4500240000052
working,deep,1000,1111,1,rebuild,14.24311399999715,1.3364739999960875,8.29144699999597,23.871034999989206
working,deep,1000,1111,1,switch-back,47.84533699999156,1.4157210000121268,8.283418999999412,57.5444770000031
ad66e4a,deep,1000,1111,2,cold,45.7624489999871,1.3405510000011418,42.92252700000245,90.02552699999069
ad66e4a,deep,1000,1111,2,rebuild,11.605383999994956,1.2271310000069207,32.858402999991085,45.69091799999296
ad66e4a,deep,1000,1111,2,switch-back,48.29527699999744,1.2553199999965727,44.10908500000369,93.6596819999977
before,deep,1000,1111,2,cold,56.60722799999348,1.4977440000075148,2270.1033150000003,2328.2082870000013
before,deep,1000,1111,2,rebuild,14.443553999997675,1.3804430000018328,2075.007282999999,2090.8312799999985
before,deep,1000,1111,2,switch-back,47.539652000006754,1.3194799999910174,2300.737313999998,2349.596445999996
working,deep,1000,1111,2,cold,50.340360000001965,1.2181950000085635,1425.013196999993,1476.5717520000035
working,deep,1000,1111,2,rebuild,12.875522000002093,1.2174249999952735,8.460774000006495,22.55372100000386
working,deep,1000,1111,2,switch-back,47.89685999999347,1.2433320000127424,8.062861999991583,57.20305399999779
